cohort,size,est_recovered,cost,net,roi_ratio
Payment-sensitive churners,1603,6971.06,400.75,6570.31,16.395034310667498
High-tenure recent drop,821,3933.62,205.25,3728.37,18.165018270401948
Premium engagement lapsed,1151,5033.200000000001,287.75,4745.450000000001,16.491572545612513
AtRisk High-Value,733,3887.5,183.25,3704.25,20.21418826739427
